id,first_name,last_name,email,gender,ip_address
1,Kelsy,Locksley,klocksley0@shinystat.com,Female,238.130.75.196
2,Manolo,Counter,mcounter1@mozilla.org,Male,67.250.115.147
3,Thaddeus,Lowton,tlowton2@accuweather.com,Male,17.63.187.39
4,Lilith,Readings,lreadings3@pcworld.com,Female,72.174.157.93
5,Whitney,Widdows,wwiddows4@webnode.com,Female,123.33.160.186
6,Dena,Skuse,dskuse5@foxnews.com,Female,110.224.251.48
7,Abraham,Mendonca,amendonca6@theguardian.com,Male,184.148.91.195
8,Melony,Oliphant,moliphant7@jalbum.net,Female,254.241.171.246
9,Sayre,Cassley,scassley8@marriott.com,Male,14.126.4.205
10,Marcus,Vasilyonok,mvasilyonok9@gov.uk,Male,221.199.212.251
11,Hayden,Blythin,hblythina@yale.edu,Male,33.195.32.126
12,Mersey,Menary,mmenaryb@vimeo.com,Female,41.3.214.13
13,Val,Gaythwaite,vgaythwaitec@tripadvisor.com,Male,158.144.235.224
14,Gibbie,Rohlfs,grohlfsd@cam.ac.uk,Male,131.151.202.18
15,Edd,Nunns,enunnse@fastcompany.com,Male,207.54.94.246
16,Quinn,Edgin,qedginf@google.com.au,Male,223.202.63.163
17,Ali,Narrie,anarrieg@wiley.com,Female,137.179.27.137
18,Alvira,Gyrgorcewicx,agyrgorcewicxh@ocn.ne.jp,Female,195.201.178.43
19,Venus,Hanstock,vhanstocki@geocities.com,Female,142.129.224.56
20,Shane,Liggett,sliggettj@npr.org,Male,86.100.210.243
21,Melva,Eadmeads,meadmeadsk@wix.com,Female,8.97.241.123
22,Aime,Candwell,acandwelll@yelp.com,Female,2.196.168.151
23,Emmalynne,Nend,enendm@bloomberg.com,Female,122.201.40.87
24,Alistair,Reicherz,areicherzn@a8.net,Male,63.252.150.5
25,Maison,Jee,mjeeo@1und1.de,Male,57.190.93.50
26,Hedy,Lineker,hlinekerp@feedburner.com,Female,213.4.42.94
27,Emery,Durrance,edurranceq@senate.gov,Male,246.254.140.104
28,Frants,Di Biagio,fdibiagior@ucoz.com,Male,143.182.156.8
29,Cecile,Berrisford,cberrisfords@ftc.gov,Female,133.21.111.12
30,Tracie,Levine,tlevinet@live.com,Male,119.53.13.16
31,Ollie,Rouch,orouchu@myspace.com,Male,173.32.82.252
32,Aaren,Rowden,arowdenv@multiply.com,Female,144.103.32.71
33,Rebe,Mawby,rmawbyw@weather.com,Female,187.232.237.27
34,Teddy,Wallman,twallmanx@e-recht24.de,Female,229.113.172.194
35,Olvan,Starking,ostarkingy@youtu.be,Male,65.16.252.144
36,Myca,Gaydon,mgaydonz@facebook.com,Male,95.231.34.44
37,Brittne,Andrault,bandrault10@boston.com,Female,184.66.146.105
38,Harlin,Beaney,hbeaney11@oakley.com,Male,175.110.103.155
39,Karita,Drance,kdrance12@etsy.com,Female,212.59.85.206
40,Currie,Tissell,ctissell13@ihg.com,Male,25.3.184.199
41,Monika,Bouchard,mbouchard14@merriam-webster.com,Female,49.47.209.143
42,Rich,Poutress,rpoutress15@gravatar.com,Male,103.212.236.205
43,Pauline,Oscroft,poscroft16@youtu.be,Female,121.10.78.161
44,Marrissa,Matson,mmatson17@livejournal.com,Female,198.30.154.216
45,Cheryl,Prisk,cprisk18@sciencedaily.com,Female,117.150.120.91
46,Kath,Marrian,kmarrian19@hhs.gov,Female,150.91.56.168
47,Joey,Challener,jchallener1a@dell.com,Male,247.207.124.243
48,Sammy,Tondeur,stondeur1b@tumblr.com,Male,225.180.105.118
49,Gothart,Lambrechts,glambrechts1c@scribd.com,Male,213.239.246.96
50,Sloane,Dering,sdering1d@unblog.fr,Male,253.108.91.215
51,Luciana,Barter,lbarter1e@gravatar.com,Female,247.180.219.48
52,Enrika,Rudwell,erudwell1f@vinaora.com,Female,222.77.42.154
53,Inigo,Redford,iredford1g@newsvine.com,Male,163.94.90.253
54,Bendick,Perigeaux,bperigeaux1h@hugedomains.com,Male,248.163.41.158
55,Averell,Baggot,abaggot1i@telegraph.co.uk,Male,249.159.127.230
56,Arlena,Sate,asate1j@patch.com,Female,197.243.126.134
57,Albie,Postlethwaite,apostlethwaite1k@pagesperso-orange.fr,Male,11.214.235.64
58,Sandra,Limb,slimb1l@cnbc.com,Female,17.207.7.66
59,Bryan,Pease,bpease1m@live.com,Male,79.230.99.21
60,Enriqueta,Rothert,erothert1n@domainmarket.com,Female,156.30.188.88
61,Sheree,Mussalli,smussalli1o@indiatimes.com,Female,240.143.208.2
62,Celeste,Carlick,ccarlick1p@moonfruit.com,Female,90.246.123.192
63,Olia,Speke,ospeke1q@google.com.au,Female,81.182.74.131
64,Timmie,Kunrad,tkunrad1r@squarespace.com,Female,179.28.100.218
65,Broderic,Chaff,bchaff1s@stumbleupon.com,Male,64.107.225.172
66,Morgen,Tidmarsh,mtidmarsh1t@harvard.edu,Male,233.230.207.229
67,Matthus,Mullany,mmullany1u@1und1.de,Male,122.175.241.154
68,Albertina,O'Lyhane,aolyhane1v@springer.com,Female,39.15.126.122
69,Marjory,Crudgington,mcrudgington1w@elegantthemes.com,Female,18.63.215.215
70,Evangelin,Messer,emesser1x@rakuten.co.jp,Female,37.173.213.169
71,Shelli,Smardon,ssmardon1y@webmd.com,Female,100.8.43.240
72,Martita,Thuillier,mthuillier1z@weebly.com,Female,119.142.13.70
73,Loni,Maurice,lmaurice20@studiopress.com,Female,154.123.240.70
74,Selina,Tebbit,stebbit21@goo.gl,Female,0.6.0.231
75,Alanna,Mauchline,amauchline22@woothemes.com,Female,33.196.98.189
76,Shem,Theurer,stheurer23@skyrock.com,Male,51.62.217.167
77,Emlynn,Mastrantone,emastrantone24@businessweek.com,Female,54.20.157.181
78,Antonin,Bluett,abluett25@shareasale.com,Male,159.212.175.55
79,Gasparo,Gavigan,ggavigan26@de.vu,Male,109.189.46.169
80,Gerry,Gillian,ggillian27@theglobeandmail.com,Female,189.36.189.45
81,Elroy,Cruikshanks,ecruikshanks28@usatoday.com,Male,244.222.128.125
82,Karlis,Tampling,ktampling29@twitter.com,Male,52.44.165.90
83,Tallie,Shellard,tshellard2a@japanpost.jp,Female,99.192.187.51
84,Hilary,Turfrey,hturfrey2b@blog.com,Male,45.228.32.9
85,Cory,Jacobsen,cjacobsen2c@toplist.cz,Female,203.80.212.234
86,Zack,Vicker,zvicker2d@diigo.com,Male,172.82.153.154
87,Rutger,Dell,rdell2e@usnews.com,Male,134.164.4.32
88,Tito,Patek,tpatek2f@fotki.com,Male,148.32.18.148
89,Kym,Summerscales,ksummerscales2g@shop-pro.jp,Female,34.174.82.4
90,Chiarra,Nuth,cnuth2h@admin.ch,Female,72.175.244.39
91,Natal,Penney,npenney2i@cafepress.com,Male,179.65.225.16
92,Claude,Dinley,cdinley2j@harvard.edu,Female,146.55.248.217
93,Mahmud,Guihen,mguihen2k@bloglovin.com,Male,220.183.4.27
94,Annalee,Hebbard,ahebbard2l@ameblo.jp,Female,205.122.19.70
95,Dulcine,Petrozzi,dpetrozzi2m@360.cn,Female,95.184.55.134
96,Viviana,Jotcham,vjotcham2n@webs.com,Female,175.179.23.132
97,Glennis,Whartonby,gwhartonby2o@flavors.me,Female,65.242.154.172
98,Quentin,Carpmile,qcarpmile2p@jigsy.com,Male,162.58.70.72
99,Alethea,Dikels,adikels2q@qq.com,Female,24.149.90.68
100,Lea,Bridat,lbridat2r@princeton.edu,Female,253.172.229.52
101,Claudie,Potkin,cpotkin2s@people.com.cn,Female,119.92.25.174
102,Ado,Vesco,avesco2t@pinterest.com,Male,184.199.155.64
103,Trace,Dagwell,tdagwell2u@princeton.edu,Male,175.19.0.75
104,Matthus,Darkin,mdarkin2v@nytimes.com,Male,248.62.31.213
105,Maxwell,Cotterill,mcotterill2w@lulu.com,Male,179.37.28.129
106,Sheila-kathryn,O'Cleary,socleary2x@sciencedirect.com,Female,61.196.150.110
107,Esme,Krzyzanowski,ekrzyzanowski2y@blogtalkradio.com,Male,15.231.56.96
108,Hobey,Threadgill,hthreadgill2z@home.pl,Male,225.169.132.92
109,Torey,Enrich,tenrich30@alibaba.com,Male,210.15.196.218
110,Kleon,Searsby,ksearsby31@twitter.com,Male,115.95.148.197
111,Walton,Sneden,wsneden32@paypal.com,Male,160.155.153.102
112,Quintus,Basill,qbasill33@youtube.com,Male,225.89.234.214
113,Klement,Ferandez,kferandez34@histats.com,Male,171.107.176.32
114,Elnar,Romain,eromain35@nsw.gov.au,Male,125.97.133.174
115,Rice,Piccard,rpiccard36@networksolutions.com,Male,197.11.207.187
116,Marie,Cripwell,mcripwell37@prweb.com,Female,77.95.55.7
117,Jacinda,Cellier,jcellier38@ehow.com,Female,174.79.155.92
118,Tom,Kits,tkits39@accuweather.com,Male,81.63.105.126
119,Trever,Aubray,taubray3a@earthlink.net,Male,133.203.192.4
120,Dasya,Liffe,dliffe3b@jimdo.com,Female,212.125.118.248
121,Noach,Clitheroe,nclitheroe3c@mit.edu,Male,11.101.250.169
122,Amalia,Skaid,askaid3d@reverbnation.com,Female,248.238.241.145
123,Dougy,St. Aubyn,dstaubyn3e@rediff.com,Male,167.15.231.27
124,Spencer,Copnall,scopnall3f@whitehouse.gov,Male,84.139.128.172
125,Jerrold,Blofeld,jblofeld3g@devhub.com,Male,181.34.76.201
126,Otes,Kabsch,okabsch3h@blogspot.com,Male,16.240.179.163
127,Liza,Shewsmith,lshewsmith3i@time.com,Female,138.244.177.67
128,Jaquenetta,Braemer,jbraemer3j@nbcnews.com,Female,84.69.190.183
129,Cecily,Brittles,cbrittles3k@g.co,Female,166.55.72.83
130,Allene,Klassmann,aklassmann3l@mozilla.org,Female,247.212.74.249
131,Fiann,Bruff,fbruff3m@goo.ne.jp,Female,17.193.82.122
132,Sigismondo,Oiseau,soiseau3n@tripadvisor.com,Male,106.142.120.80
133,Haskel,Lee,hlee3o@bravesites.com,Male,242.45.239.119
134,Buckie,Kinloch,bkinloch3p@e-recht24.de,Male,60.186.146.187
135,Byram,Dannel,bdannel3q@marriott.com,Male,134.15.5.166
136,Mattie,Wimbush,mwimbush3r@china.com.cn,Female,45.190.141.83
137,Devina,Canedo,dcanedo3s@stanford.edu,Female,194.211.239.195
138,Aggie,De Nisco,adenisco3t@geocities.jp,Female,211.104.170.230
139,Stefania,Ragles,sragles3u@utexas.edu,Female,197.138.248.112
140,Cordie,Davidwitz,cdavidwitz3v@hc360.com,Female,232.241.9.6
141,Merilyn,Barenskie,mbarenskie3w@networksolutions.com,Female,218.163.165.77
142,Ansley,Evenden,aevenden3x@msu.edu,Female,124.3.183.91
143,Ajay,Kleinplac,akleinplac3y@ibm.com,Female,103.115.226.252
144,Sybilla,Dominighi,sdominighi3z@chron.com,Female,85.51.146.248
145,Sarine,McCarver,smccarver40@harvard.edu,Female,115.231.245.231
146,Sarge,Viccary,sviccary41@gravatar.com,Male,212.204.47.180
147,Dore,Hupka,dhupka42@wisc.edu,Female,4.173.211.101
148,Chiquita,Northin,cnorthin43@amazon.de,Female,33.142.190.99
149,Kipp,Shepheard,kshepheard44@state.tx.us,Female,173.110.9.197
150,Loralee,Heddon,lheddon45@scribd.com,Female,27.180.174.212
151,Liza,Brameld,lbrameld46@posterous.com,Female,88.122.50.153
152,Karalee,Adamov,kadamov47@4shared.com,Female,97.23.95.183
153,Bryant,Bracken,bbracken48@technorati.com,Male,156.157.17.102
154,Brett,Shay,bshay49@gizmodo.com,Male,194.204.84.133
155,Vincenty,Lind,vlind4a@nyu.edu,Male,81.246.242.232
156,Gard,Orfeur,gorfeur4b@state.tx.us,Male,46.27.20.109
157,Zorina,Vallis,zvallis4c@comsenz.com,Female,80.113.230.41
158,Herc,Ridett,hridett4d@vk.com,Male,126.183.203.7
159,Mady,Gatherer,mgatherer4e@examiner.com,Female,109.61.33.220
160,Phedra,Ladbrooke,pladbrooke4f@java.com,Female,84.128.171.97
161,Manfred,Dumphry,mdumphry4g@bbb.org,Male,109.142.33.125
162,Estell,Towe,etowe4h@imgur.com,Female,60.159.77.96
163,Etta,Rosini,erosini4i@macromedia.com,Female,49.83.62.125
164,Arron,Iczokvitz,aiczokvitz4j@webs.com,Male,214.117.92.249
165,Erda,Cuthill,ecuthill4k@jigsy.com,Female,112.203.115.85
166,Lauritz,Billows,lbillows4l@indiatimes.com,Male,12.55.110.4
167,Anabel,Plevey,aplevey4m@cbslocal.com,Female,121.181.242.132
168,Pail,Szymoni,pszymoni4n@nationalgeographic.com,Male,32.0.192.4
169,Kiele,Skeermer,kskeermer4o@huffingtonpost.com,Female,45.119.117.14
170,Lesly,Trathan,ltrathan4p@usa.gov,Female,17.137.178.2
171,Glendon,Assiratti,gassiratti4q@msu.edu,Male,69.26.0.3
172,Veradis,Jacson,vjacson4r@icio.us,Female,151.178.83.189
173,Cherin,Eastridge,ceastridge4s@wsj.com,Female,196.169.196.66
174,Janette,Poleye,jpoleye4t@php.net,Female,158.20.112.175
175,Cyrus,Skin,cskin4u@google.co.jp,Male,241.20.128.154
176,Elicia,Prudham,eprudham4v@jimdo.com,Female,132.3.173.169
177,Marie-ann,Maryman,mmaryman4w@addthis.com,Female,53.75.233.0
178,Herman,Ruddiman,hruddiman4x@wired.com,Male,48.136.102.19
179,Rancell,Whetnell,rwhetnell4y@army.mil,Male,86.53.4.61
180,Jody,Portt,jportt4z@house.gov,Female,103.126.240.133
181,Eben,Cholwell,echolwell50@scribd.com,Male,16.246.219.160
182,Henrie,Lowle,hlowle51@phoca.cz,Female,246.133.129.67
183,Vinnie,Condell,vcondell52@discuz.net,Female,125.93.152.157
184,Lyon,Ivankovic,livankovic53@cnbc.com,Male,112.245.3.187
185,Lorens,Jovicic,ljovicic54@narod.ru,Male,59.88.29.110
186,Grady,Boone,gboone55@google.co.jp,Male,151.21.173.214
187,Barbee,Linke,blinke56@shop-pro.jp,Female,69.152.189.130
188,Rab,Martlew,rmartlew57@vimeo.com,Male,4.124.79.203
189,Zerk,Gores,zgores58@imageshack.us,Male,109.240.193.130
190,Georgena,Weatherburn,gweatherburn59@e-recht24.de,Female,115.77.236.60
191,Luisa,Shearston,lshearston5a@unblog.fr,Female,94.51.250.209
192,Karalynn,Brinson,kbrinson5b@symantec.com,Female,202.223.175.32
193,Ninon,Brundall,nbrundall5c@jigsy.com,Female,114.168.119.184
194,Angelo,Teasdale-Markie,ateasdalemarkie5d@dell.com,Male,126.121.84.158
195,Aurthur,Perche,aperche5e@nationalgeographic.com,Male,236.50.41.215
196,Delmore,Abry,dabry5f@alibaba.com,Male,19.172.230.180
197,Bliss,Dron,bdron5g@jimdo.com,Female,39.202.251.100
198,Sibyl,Lafee,slafee5h@google.fr,Female,82.166.142.86
199,Sadella,Saller,ssaller5i@ted.com,Female,111.255.114.28
200,Leigha,Connick,lconnick5j@ucoz.com,Female,143.181.6.10
201,Merrel,Knoles,mknoles5k@fema.gov,Male,161.116.166.134
202,Koenraad,Mackro,kmackro5l@umich.edu,Male,205.195.245.28
203,Daveen,Mothersole,dmothersole5m@meetup.com,Female,105.90.208.245
204,Theda,Cheverton,tcheverton5n@kickstarter.com,Female,167.80.27.253
205,Sully,Dozdill,sdozdill5o@guardian.co.uk,Male,99.80.160.139
206,Sander,Wilkie,swilkie5p@seesaa.net,Male,172.44.83.54
207,Jacquenetta,Tremmil,jtremmil5q@instagram.com,Female,219.236.180.179
208,Darb,Budden,dbudden5r@washington.edu,Female,131.55.61.128
209,Brendis,Brockie,bbrockie5s@vistaprint.com,Male,37.222.234.1
210,Haleigh,Copp,hcopp5t@ocn.ne.jp,Female,202.166.210.114
211,Bekki,Andric,bandric5u@wordpress.org,Female,163.149.164.189
212,Hayden,Kells,hkells5v@reddit.com,Male,4.91.59.85
213,Amalea,Orpwood,aorpwood5w@examiner.com,Female,117.19.6.104
214,Vallie,Smallsman,vsmallsman5x@si.edu,Female,131.27.225.207
215,Bastian,Rasp,brasp5y@seattletimes.com,Male,57.91.39.135
216,Melany,Overall,moverall5z@clickbank.net,Female,77.114.226.67
217,Benjamin,Hourston,bhourston60@skyrock.com,Male,241.36.139.127
218,Robbert,Ezzle,rezzle61@wordpress.com,Male,36.235.243.180
219,Mavis,Schwaiger,mschwaiger62@shinystat.com,Female,253.191.8.52
220,Gerrard,Andor,gandor63@examiner.com,Male,130.165.20.99
221,Manuel,Moylan,mmoylan64@psu.edu,Male,41.113.155.38
222,Benedicta,Kyffin,bkyffin65@nsw.gov.au,Female,39.237.34.200
223,Ruthe,Readshaw,rreadshaw66@google.com,Female,169.74.23.108
224,Ediva,Smyth,esmyth67@51.la,Female,186.158.96.5
225,Timofei,Tretter,ttretter68@blogtalkradio.com,Male,128.251.93.55
226,Zabrina,Muckeen,zmuckeen69@edublogs.org,Female,72.143.178.137
227,Richie,Hiddy,rhiddy6a@amazon.com,Male,94.137.30.26
228,Rab,Coopey,rcoopey6b@spotify.com,Male,65.184.60.237
229,Caitrin,Scallan,cscallan6c@comsenz.com,Female,58.23.207.203
230,Adan,Strooband,astrooband6d@chronoengine.com,Female,93.220.75.133
231,Thia,Maden,tmaden6e@dmoz.org,Female,114.119.18.31
232,Rea,Pontefract,rpontefract6f@google.ca,Female,240.146.86.140
233,Crissie,Buckley,cbuckley6g@globo.com,Female,237.164.183.162
234,Mariele,Finby,mfinby6h@example.com,Female,162.65.6.230
235,Mair,Jehu,mjehu6i@networkadvertising.org,Female,140.123.113.18
236,Bealle,Battershall,bbattershall6j@amazonaws.com,Male,203.240.67.184
237,Gaspar,Tirkin,gtirkin6k@fema.gov,Male,134.243.168.115
238,Gregg,Ballantyne,gballantyne6l@ustream.tv,Male,10.59.5.207
239,Konstantine,O'Dwyer,kodwyer6m@businessinsider.com,Male,246.175.210.232
240,Cammy,Aspland,caspland6n@sitemeter.com,Female,189.0.78.129
241,Jamal,Tampen,jtampen6o@mapy.cz,Male,245.50.28.12
242,Juline,Waylett,jwaylett6p@infoseek.co.jp,Female,3.101.247.227
243,Wang,Adelman,wadelman6q@icio.us,Male,132.215.224.38
244,Morie,Renfrew,mrenfrew6r@stumbleupon.com,Male,7.164.183.85
245,Farris,Abbate,fabbate6s@lulu.com,Male,77.194.155.115
246,Siward,Thornborrow,sthornborrow6t@php.net,Male,162.83.254.74
247,Inness,Adacot,iadacot6u@apache.org,Male,255.58.221.120
248,Elysee,Christall,echristall6v@cnn.com,Female,247.203.91.42
249,Melonie,Brumfield,mbrumfield6w@china.com.cn,Female,185.158.23.175
250,Sandra,Infante,sinfante6x@yelp.com,Female,207.117.157.137
251,Averill,Bisset,abisset6y@washington.edu,Male,51.215.152.62
252,Humfrey,Morphet,hmorphet6z@huffingtonpost.com,Male,33.33.150.238
253,Arin,Pettigree,apettigree70@e-recht24.de,Male,75.195.87.141
254,Chev,MacDunlevy,cmacdunlevy71@mysql.com,Male,58.45.252.97
255,Margie,Seth,mseth72@mayoclinic.com,Female,171.74.134.26
256,Nanni,Dundridge,ndundridge73@slideshare.net,Female,56.13.37.99
257,Crosby,Gwatkins,cgwatkins74@blogs.com,Male,83.20.52.75
258,Nigel,Ferneley,nferneley75@telegraph.co.uk,Male,248.174.10.98
259,Salmon,Light,slight76@nifty.com,Male,158.239.128.117
260,Jedd,Ceillier,jceillier77@marriott.com,Male,173.236.29.153
261,Gussie,Loades,gloades78@simplemachines.org,Female,13.29.34.216
262,Kamila,Cartledge,kcartledge79@over-blog.com,Female,156.159.111.140
263,Birch,Gordge,bgordge7a@techcrunch.com,Male,19.255.157.186
264,Audre,Gantzer,agantzer7b@umich.edu,Female,150.118.126.209
265,Page,Tombling,ptombling7c@mapy.cz,Male,73.72.40.158
266,Basilius,Shopcott,bshopcott7d@unicef.org,Male,175.101.121.231
267,Tedmund,Ilyuchyov,tilyuchyov7e@house.gov,Male,228.131.61.5
268,Amabel,Drummer,adrummer7f@moonfruit.com,Female,71.60.211.214
269,Jordanna,Tween,jtween7g@thetimes.co.uk,Female,246.190.135.110
270,Harriot,Villiers,hvilliers7h@rediff.com,Female,255.76.125.73
271,Norman,Bethel,nbethel7i@mozilla.com,Male,219.15.102.98
272,Averil,Alennikov,aalennikov7j@indiegogo.com,Female,37.4.53.246
273,Amos,Goodere,agoodere7k@unblog.fr,Male,83.115.40.191
274,Neilla,Ratter,nratter7l@mac.com,Female,233.75.52.212
275,Wylie,Darbey,wdarbey7m@wp.com,Male,211.98.117.240
276,Lanna,Murkus,lmurkus7n@instagram.com,Female,128.71.104.209
277,August,Kauschke,akauschke7o@oakley.com,Male,70.104.6.10
278,Betsy,Cabotto,bcabotto7p@theguardian.com,Female,178.30.80.56
279,Alon,Absolon,aabsolon7q@huffingtonpost.com,Male,215.101.0.187
280,Lorrie,Woosnam,lwoosnam7r@unblog.fr,Male,133.28.216.167
281,Sigfried,Saywell,ssaywell7s@nydailynews.com,Male,196.204.224.32
282,Edd,Mirrlees,emirrlees7t@economist.com,Male,100.125.161.171
283,Rica,Northedge,rnorthedge7u@indiatimes.com,Female,188.112.216.44
284,Niko,MacDunleavy,nmacdunleavy7v@ed.gov,Male,236.51.154.144
285,Andromache,Ould,aould7w@mapy.cz,Female,229.60.39.140
286,Isabel,Pontin,ipontin7x@mediafire.com,Female,239.81.153.253
287,Agnella,Millican,amillican7y@salon.com,Female,116.61.208.65
288,Clevey,Lytell,clytell7z@europa.eu,Male,54.181.164.27
289,Garrot,Hulles,ghulles80@mediafire.com,Male,61.192.34.208
290,Archibold,Gauford,agauford81@mit.edu,Male,66.80.212.208
291,Allayne,McNellis,amcnellis82@irs.gov,Male,149.255.75.150
292,Bobette,McMorran,bmcmorran83@barnesandnoble.com,Female,85.122.105.201
293,Romy,Martignon,rmartignon84@dmoz.org,Female,231.74.222.86
294,Thayne,Malimoe,tmalimoe85@ning.com,Male,67.55.35.14
295,Ahmad,Catteroll,acatteroll86@goo.gl,Male,80.104.181.180
296,Maybelle,Matitiaho,mmatitiaho87@utexas.edu,Female,46.171.3.234
297,Phyllis,Sanney,psanney88@cdc.gov,Female,1.49.215.154
298,Powell,Baudouin,pbaudouin89@oakley.com,Male,9.237.9.17
299,Giffer,Gainsburgh,ggainsburgh8a@csmonitor.com,Male,186.225.183.214
300,Wilfred,Shallcrass,wshallcrass8b@amazon.co.uk,Male,184.89.218.115
301,Bink,Cabel,bcabel8c@pcworld.com,Male,90.208.80.204
302,Cassandre,Greydon,cgreydon8d@cornell.edu,Female,95.87.27.128
303,Buffy,Conen,bconen8e@google.cn,Female,252.139.55.226
304,Dorelia,Brownlie,dbrownlie8f@usa.gov,Female,187.87.54.156
305,Addy,Fludder,afludder8g@123-reg.co.uk,Male,202.108.127.234
306,Doralynne,Colleer,dcolleer8h@shutterfly.com,Female,153.100.56.133
307,Hailee,Benettolo,hbenettolo8i@nyu.edu,Female,38.202.200.230
308,Stearne,Tickner,stickner8j@php.net,Male,91.139.70.198
309,Maible,Mott,mmott8k@devhub.com,Female,162.135.40.62
310,Allsun,Paulmann,apaulmann8l@mapy.cz,Female,34.73.194.91
311,Junie,Bernetti,jbernetti8m@devhub.com,Female,25.116.222.98
312,Claybourne,Vanyakin,cvanyakin8n@bandcamp.com,Male,184.207.108.235
313,Clarance,Twiddle,ctwiddle8o@google.pl,Male,110.101.106.132
314,Cissiee,Jiggens,cjiggens8p@is.gd,Female,202.223.248.143
315,Ursuline,Coldham,ucoldham8q@techcrunch.com,Female,125.160.31.110
316,Deonne,Grossier,dgrossier8r@ca.gov,Female,45.162.200.205
317,Gareth,Gosselin,ggosselin8s@home.pl,Male,101.197.58.113
318,Philippa,Cunradi,pcunradi8t@simplemachines.org,Female,205.21.180.150
319,Ashbey,Gribble,agribble8u@guardian.co.uk,Male,126.230.231.86
320,Cally,Hilary,chilary8v@businessweek.com,Female,35.157.225.252
321,Kathye,Dunbobin,kdunbobin8w@ifeng.com,Female,145.248.138.74
322,Colan,Rudge,crudge8x@bravesites.com,Male,198.137.78.111
323,Goraud,Dahlbom,gdahlbom8y@technorati.com,Male,126.47.188.137
324,Alameda,Finlayson,afinlayson8z@shop-pro.jp,Female,241.210.232.57
325,Torrance,MacNamee,tmacnamee90@networksolutions.com,Male,97.81.174.23
326,Brinna,Kunz,bkunz91@telegraph.co.uk,Female,146.186.138.8
327,Riccardo,Bourthouloume,rbourthouloume92@google.com.hk,Male,52.139.9.223
328,Brittni,Drane,bdrane93@networksolutions.com,Female,194.198.63.133
329,Michaella,Rigby,mrigby94@nba.com,Female,18.19.5.139
330,Elinore,Chastaing,echastaing95@archive.org,Female,117.196.170.95
331,Mayer,Ravenscroft,mravenscroft96@networkadvertising.org,Male,147.191.214.251
332,Kasey,Le Quesne,klequesne97@prweb.com,Female,212.169.77.69
333,Etty,Toun,etoun98@marketwatch.com,Female,18.29.214.217
334,Idalia,Matteucci,imatteucci99@buzzfeed.com,Female,162.129.9.15
335,Prentice,Dinkin,pdinkin9a@dailymotion.com,Male,247.142.122.10
336,Evita,Pedron,epedron9b@whitehouse.gov,Female,228.3.19.92
337,Haroun,Bilborough,hbilborough9c@devhub.com,Male,92.73.21.101
338,Rabi,Fillery,rfillery9d@amazon.com,Male,84.145.248.242
339,Dieter,Couche,dcouche9e@latimes.com,Male,67.116.10.46
340,Fania,Lampens,flampens9f@1688.com,Female,29.152.100.131
341,Farleigh,Stenhouse,fstenhouse9g@auda.org.au,Male,86.96.118.100
342,Gus,Hallowell,ghallowell9h@pinterest.com,Female,154.241.246.22
343,Trstram,Thrasher,tthrasher9i@sciencedirect.com,Male,120.49.12.227
344,Gregg,Harries,gharries9j@redcross.org,Male,161.204.121.28
345,Joshua,Middlewick,jmiddlewick9k@marketwatch.com,Male,117.10.193.79
346,Stephi,Childers,schilders9l@sciencedirect.com,Female,144.206.204.147
347,Norrie,Maliffe,nmaliffe9m@amazon.co.jp,Female,124.224.245.10
348,Florri,Gibberd,fgibberd9n@woothemes.com,Female,75.178.185.46
349,Elton,Dunmuir,edunmuir9o@pbs.org,Male,222.189.200.73
350,Wenda,Aleveque,waleveque9p@csmonitor.com,Female,96.17.94.190
351,Sean,Wegner,swegner9q@51.la,Female,107.8.27.24
352,Shermie,Grishanin,sgrishanin9r@soundcloud.com,Male,140.203.61.199
353,Skipper,Glazier,sglazier9s@stanford.edu,Male,114.24.108.152
354,Mitchell,Pidon,mpidon9t@abc.net.au,Male,12.183.42.13
355,Joye,Robbie,jrobbie9u@amazon.de,Female,98.142.240.110
356,Fidel,Snepp,fsnepp9v@networkadvertising.org,Male,184.82.31.116
357,Jaymie,Balden,jbalden9w@npr.org,Male,172.76.11.234
358,Gerrie,Eldrid,geldrid9x@wiley.com,Female,17.36.190.251
359,Elianora,Mountain,emountain9y@oakley.com,Female,164.122.56.15
360,Silvano,Oiller,soiller9z@patch.com,Male,34.220.244.81
361,Archibaldo,Tonsley,atonsleya0@slashdot.org,Male,148.173.196.58
362,Zelma,Spedding,zspeddinga1@t.co,Female,233.132.235.232
363,Ciel,Healings,chealingsa2@theatlantic.com,Female,168.200.9.114
364,Skippie,Hadny,shadnya3@dion.ne.jp,Male,211.117.224.164
365,Desmond,Pund,dpunda4@trellian.com,Male,243.229.216.181
366,Elenore,Heskey,eheskeya5@umich.edu,Female,134.240.216.93
367,Con,Emes,cemesa6@facebook.com,Female,181.195.41.82
368,Karoline,Floyed,kfloyeda7@zimbio.com,Female,82.146.147.78
369,Brana,Smallthwaite,bsmallthwaitea8@reference.com,Female,166.80.60.233
370,Huberto,Cossell,hcossella9@cam.ac.uk,Male,133.133.12.37
371,Rowen,Heyfield,rheyfieldaa@weibo.com,Male,194.217.149.10
372,Rawley,Paffot,rpaffotab@livejournal.com,Male,176.157.247.185
373,Kassandra,Leuchars,kleucharsac@1und1.de,Female,6.185.174.14
374,Kesley,Hagyard,khagyardad@pcworld.com,Female,186.163.249.68
375,Mateo,Throssell,mthrossellae@nydailynews.com,Male,77.42.157.24
376,Neila,Vernay,nvernayaf@tinypic.com,Female,124.154.153.84
377,Phyllis,Gallant,pgallantag@liveinternet.ru,Female,57.203.155.171
378,Ardelis,Gaffney,agaffneyah@jimdo.com,Female,138.39.194.92
379,Lizette,Goodered,lgooderedai@booking.com,Female,202.144.42.45
380,Lizbeth,Swalwel,lswalwelaj@ft.com,Female,245.71.25.114
381,Richmound,Bawme,rbawmeak@ted.com,Male,105.21.49.193
382,Palmer,Crucetti,pcrucettial@nationalgeographic.com,Male,49.211.23.236
383,Rhiamon,Orris,rorrisam@netscape.com,Female,227.86.253.113
384,Betteanne,Merryman,bmerrymanan@a8.net,Female,89.62.52.203
385,Roderick,Vardie,rvardieao@jiathis.com,Male,123.185.183.64
386,Alexander,Lumb,alumbap@deviantart.com,Male,162.165.20.195
387,Cesar,Monget,cmongetaq@msu.edu,Male,173.1.68.61
388,Cecil,Pendre,cpendrear@goodreads.com,Male,191.114.75.227
389,Felizio,Adamec,fadamecas@mapy.cz,Male,204.147.123.60
390,Teddie,O'Kinneally,tokinneallyat@intel.com,Female,200.86.132.29
391,Christina,Rival,crivalau@archive.org,Female,12.97.46.233
392,Rabbi,Delaprelle,rdelaprelleav@myspace.com,Male,148.173.30.226
393,Gwenny,Gelder,ggelderaw@gizmodo.com,Female,111.51.64.255
394,Gabriel,Duerden,gduerdenax@indiegogo.com,Male,101.54.38.218
395,Giulio,Slot,gslotay@pagesperso-orange.fr,Male,126.171.242.141
396,Dina,Tayloe,dtayloeaz@tripadvisor.com,Female,20.106.144.213
397,Cecily,Greville,cgrevilleb0@multiply.com,Female,232.92.117.62
398,Errol,Draper,edraperb1@webnode.com,Male,126.62.107.252
399,Mose,Spavon,mspavonb2@rambler.ru,Male,75.94.151.134
400,Karlen,Dowdell,kdowdellb3@desdev.cn,Female,110.29.228.149
401,Vonnie,Averies,vaveriesb4@yahoo.co.jp,Female,94.103.112.40
402,Amaleta,Seneschal,aseneschalb5@cdbaby.com,Female,162.174.254.228
403,Hildagarde,Toothill,htoothillb6@so-net.ne.jp,Female,92.88.7.13
404,Amalia,Garbert,agarbertb7@statcounter.com,Female,27.227.49.57
405,Netta,Duker,ndukerb8@elegantthemes.com,Female,46.163.165.222
406,Elie,Skellon,eskellonb9@twitpic.com,Female,161.164.62.58
407,Karim,Bowton,kbowtonba@dyndns.org,Male,60.30.134.85
408,Wendie,Harries,wharriesbb@blogs.com,Female,237.228.137.211
409,Brigg,Heak,bheakbc@blogs.com,Male,244.151.157.36
410,Elden,Wragg,ewraggbd@answers.com,Male,25.91.34.111
411,Sena,Biaggioni,sbiaggionibe@nhs.uk,Female,105.93.43.10
412,Alyda,Tierney,atierneybf@skype.com,Female,218.207.130.175
413,Daffi,Halcro,dhalcrobg@webs.com,Female,45.255.133.157
414,Milo,Fitzsymonds,mfitzsymondsbh@mozilla.com,Male,50.188.29.106
415,Aidan,Pink,apinkbi@state.tx.us,Female,90.45.51.198
416,Shellysheldon,Rapley,srapleybj@cloudflare.com,Male,135.218.159.143
417,Vachel,Arnett,varnettbk@wp.com,Male,197.34.184.60
418,Natty,Lampel,nlampelbl@stumbleupon.com,Female,105.74.84.144
419,Kat,Domotor,kdomotorbm@boston.com,Female,35.113.7.82
420,Brod,Duxbury,bduxburybn@sun.com,Male,190.79.124.48
421,Casar,Aizlewood,caizlewoodbo@instagram.com,Male,164.8.130.58
422,Alister,Bertrand,abertrandbp@shop-pro.jp,Male,36.114.250.110
423,Gabriella,Osgood,gosgoodbq@ezinearticles.com,Female,246.15.174.72
424,Ode,Guinane,oguinanebr@cam.ac.uk,Male,194.91.130.54
425,Augusto,Bertson,abertsonbs@ed.gov,Male,173.126.105.88
426,Carlie,Tohill,ctohillbt@sun.com,Male,135.199.49.38
427,Milicent,Buck,mbuckbu@ftc.gov,Female,130.140.24.149
428,Wini,Dugall,wdugallbv@cnet.com,Female,10.90.97.54
429,Benni,Bayns,bbaynsbw@bbc.co.uk,Female,137.182.102.94
430,Bancroft,Bigby,bbigbybx@github.io,Male,66.84.177.183
431,Bord,Hackleton,bhackletonby@blogspot.com,Male,245.82.166.1
432,Sarina,Shovell,sshovellbz@timesonline.co.uk,Female,109.175.81.77
433,Onofredo,Zottoli,ozottolic0@jalbum.net,Male,63.169.230.2
434,Veronike,Colly,vcollyc1@phpbb.com,Female,174.165.137.216
435,Killy,Worsnap,kworsnapc2@nymag.com,Male,86.93.180.28
436,Elbert,Sherbrooke,esherbrookec3@businesswire.com,Male,238.160.206.11
437,Maud,Risebrow,mrisebrowc4@dell.com,Female,30.75.235.101
438,Jonathon,Thompson,jthompsonc5@miibeian.gov.cn,Male,84.26.186.78
439,Maddie,Shanklin,mshanklinc6@springer.com,Female,190.231.253.147
440,Tome,Ellsworthe,tellsworthec7@cam.ac.uk,Male,205.44.5.153
441,Mady,Valsler,mvalslerc8@google.com,Female,98.164.182.1
442,Sue,Ruthen,sruthenc9@ibm.com,Female,77.80.151.73
443,Joceline,Leverson,jleversonca@about.com,Female,51.236.142.181
444,Dacia,Paragreen,dparagreencb@illinois.edu,Female,168.88.92.66
445,Chadd,Kigelman,ckigelmancc@who.int,Male,134.240.211.64
446,Fiann,McCaskell,fmccaskellcd@tinyurl.com,Female,8.95.132.178
447,Suzanne,Carr,scarrce@multiply.com,Female,200.10.234.127
448,Sam,Gillbey,sgillbeycf@sogou.com,Male,79.30.114.85
449,Garry,Luety,gluetycg@npr.org,Male,211.6.118.216
450,Kristine,O'Kane,kokanech@123-reg.co.uk,Female,154.167.232.106
451,Gilburt,Alvar,galvarci@msu.edu,Male,243.125.48.23
452,Carmon,Blabber,cblabbercj@typepad.com,Female,97.147.39.186
453,Rip,Allett,rallettck@list-manage.com,Male,170.238.85.187
454,Marje,Mayhow,mmayhowcl@oakley.com,Female,134.231.74.228
455,Milena,O'Grada,mogradacm@vistaprint.com,Female,48.118.177.236
456,Beatrisa,Chappelow,bchappelowcn@addthis.com,Female,94.233.192.210
457,Curcio,Merchant,cmerchantco@nih.gov,Male,112.61.136.194
458,Gaby,Davydochkin,gdavydochkincp@posterous.com,Female,164.82.21.96
459,Arch,Evenden,aevendencq@dagondesign.com,Male,210.99.232.178
460,Gifford,Daen,gdaencr@admin.ch,Male,195.35.144.139
461,Pall,Odda,poddacs@surveymonkey.com,Male,20.34.42.196
462,Latia,Winfindale,lwinfindalect@blogs.com,Female,233.61.22.160
463,Haze,Bottoner,hbottonercu@unblog.fr,Male,191.20.234.138
464,Wilhelmine,Voce,wvocecv@cbsnews.com,Female,48.8.161.59
465,Keven,Vala,kvalacw@pen.io,Male,159.147.20.246
466,Tam,Tremathack,ttremathackcx@parallels.com,Male,51.115.9.0
467,Trenna,Huggard,thuggardcy@php.net,Female,34.37.92.119
468,Reuven,Chatto,rchattocz@amazon.co.jp,Male,197.129.222.196
469,Wendell,Kempton,wkemptond0@rambler.ru,Male,226.86.145.246
470,Juliann,MacDiarmid,jmacdiarmidd1@wordpress.org,Female,84.19.178.39
471,Maybelle,O'Fairy,mofairyd2@auda.org.au,Female,184.75.9.139
472,Bogart,Presman,bpresmand3@behance.net,Male,90.199.66.211
473,Mei,Skoggins,mskogginsd4@shop-pro.jp,Female,144.19.223.65
474,Randie,Pococke,rpococked5@scientificamerican.com,Male,216.153.31.61
475,Odell,Durgan,odurgand6@mlb.com,Male,70.51.119.236
476,Avram,Fullun,afullund7@businesswire.com,Male,76.80.207.53
477,Cissy,Comazzo,ccomazzod8@google.es,Female,224.70.208.124
478,Misty,Aronovich,maronovichd9@csmonitor.com,Female,33.32.169.167
479,Gregory,Wethered,gwetheredda@ning.com,Male,109.192.169.9
480,Stu,Clapson,sclapsondb@cbslocal.com,Male,72.17.59.49
481,Vin,Treversh,vtrevershdc@altervista.org,Female,251.158.212.163
482,Ruttger,Powder,rpowderdd@yellowbook.com,Male,247.222.172.178
483,Tiffie,Scutts,tscuttsde@netlog.com,Female,13.2.206.100
484,Wright,Etock,wetockdf@soundcloud.com,Male,243.120.8.198
485,Veda,Cristol,vcristoldg@hugedomains.com,Female,229.38.152.85
486,Abrahan,Cooke,acookedh@posterous.com,Male,34.181.205.139
487,Fleur,Guillot,fguillotdi@paypal.com,Female,160.41.85.111
488,Jeramie,Jansens,jjansensdj@upenn.edu,Male,19.109.223.81
489,Cloris,Galvan,cgalvandk@delicious.com,Female,94.65.154.7
490,Eldridge,Querrard,equerrarddl@jalbum.net,Male,13.153.171.44
491,Granthem,Beeble,gbeebledm@upenn.edu,Male,30.195.195.44
492,Allsun,Winckles,awincklesdn@symantec.com,Female,186.175.53.237
493,Karil,Zanuciolii,kzanucioliido@bizjournals.com,Female,211.166.234.235
494,Dyna,Mordie,dmordiedp@tinyurl.com,Female,240.98.53.122
495,Shanda,Redmille,sredmilledq@sourceforge.net,Female,199.31.144.9
496,Maurita,Loughney,mloughneydr@purevolume.com,Female,128.232.206.98
497,Zed,Gavahan,zgavahands@elegantthemes.com,Male,132.214.163.181
498,Lenette,Haversum,lhaversumdt@illinois.edu,Female,153.159.104.234
499,Shay,Kelsey,skelseydu@disqus.com,Male,168.236.233.6
500,Edithe,Gebbie,egebbiedv@ucsd.edu,Female,32.121.150.91
501,Joanna,Brosius,jbrosiusdw@adobe.com,Female,151.158.79.134
502,Derward,Sloegrave,dsloegravedx@deviantart.com,Male,181.11.139.158
503,Clementina,Kenealy,ckenealydy@newyorker.com,Female,35.64.157.158
504,Mack,Aubert,maubertdz@miibeian.gov.cn,Male,34.151.204.91
505,Alvin,Ettridge,aettridgee0@mlb.com,Male,224.138.157.246
506,Carmelia,Dadge,cdadgee1@github.io,Female,181.107.78.77
507,Cammy,Hollyman,chollymane2@globo.com,Female,159.249.171.67
508,Annalise,Elsmore,aelsmoree3@mashable.com,Female,27.141.71.203
509,Jaquelin,Muat,jmuate4@paginegialle.it,Female,74.18.243.160
510,Melisent,Ianni,miannie5@unc.edu,Female,216.111.243.252
511,Duff,Campa,dcampae6@360.cn,Male,38.54.139.80
512,Marlon,McCarrell,mmccarrelle7@dropbox.com,Male,212.190.221.34
513,Naomi,Creagh,ncreaghe8@ed.gov,Female,185.233.38.123
514,Sergent,Brobyn,sbrobyne9@smugmug.com,Male,16.13.246.55
515,Venus,Parslow,vparslowea@people.com.cn,Female,145.89.107.40
516,Twila,Hassin,thassineb@guardian.co.uk,Female,41.216.7.116
517,Chadwick,Pummell,cpummellec@bbc.co.uk,Male,30.63.60.101
518,Avrom,Piris,apirised@free.fr,Male,157.236.39.197
519,Cathrin,Sive,csiveee@noaa.gov,Female,154.85.224.14
520,Norris,Bundy,nbundyef@bloglines.com,Male,212.175.243.148
521,Lura,Kenset,lkenseteg@slideshare.net,Female,129.219.79.203
522,Iolanthe,Pellew,ipelleweh@printfriendly.com,Female,201.101.149.134
523,Arliene,Hiseman,ahisemanei@mayoclinic.com,Female,63.134.150.44
524,Hanson,Greneham,hgrenehamej@un.org,Male,42.204.123.0
525,Mycah,Gowan,mgowanek@ning.com,Male,31.230.78.16
526,Estelle,Rawlinson,erawlinsonel@telegraph.co.uk,Female,81.210.189.11
527,Doro,Twede,dtwedeem@loc.gov,Female,183.242.33.185
528,Willy,Tuttiett,wtuttietten@cisco.com,Male,186.153.47.212
529,Gerhardt,Pidcock,gpidcockeo@google.ca,Male,119.102.71.56
530,Katherina,Beddow,kbeddowep@lulu.com,Female,20.144.161.216
531,Orson,Schulter,oschultereq@yale.edu,Male,44.166.111.192
532,Kendricks,Steels,ksteelser@arstechnica.com,Male,157.41.1.89
533,Lucian,Gavigan,lgaviganes@gravatar.com,Male,160.20.223.25
534,Red,Leebeter,rleebeteret@blogtalkradio.com,Male,7.244.68.210
535,Erwin,Dunks,edunkseu@hugedomains.com,Male,239.74.243.63
536,Gussy,Leak,gleakev@amazon.co.uk,Female,185.121.144.29
537,Allard,Paulino,apaulinoew@newyorker.com,Male,197.255.68.64
538,Debora,Hedditeh,dhedditehex@latimes.com,Female,34.172.129.193
539,Bobine,Tufts,btuftsey@toplist.cz,Female,141.50.15.159
540,Jon,Camilio,jcamilioez@google.cn,Male,193.194.201.149
541,Ella,Hachette,ehachettef0@flickr.com,Female,56.217.84.206
542,Sigvard,Gagan,sgaganf1@cafepress.com,Male,51.207.145.141
543,Staford,Posten,spostenf2@tripadvisor.com,Male,240.5.40.86
544,Arnuad,Cryer,acryerf3@washingtonpost.com,Male,33.109.175.158
545,Burtie,Ivanitsa,bivanitsaf4@reuters.com,Male,206.112.89.162
546,Wald,Giovanitti,wgiovanittif5@tamu.edu,Male,229.249.65.202
547,Amye,Sidon,asidonf6@spiegel.de,Female,5.151.19.76
548,Ileana,Andreucci,iandreuccif7@theatlantic.com,Female,244.32.10.111
549,Pammie,Nolte,pnoltef8@edublogs.org,Female,191.183.26.245
550,Nissie,Tremellan,ntremellanf9@princeton.edu,Female,106.107.181.226
551,Malanie,Paff,mpafffa@columbia.edu,Female,33.43.23.28
552,Barbaraanne,Constantine,bconstantinefb@newsvine.com,Female,205.42.98.79
553,Winnie,Troyes,wtroyesfc@edublogs.org,Female,77.197.216.231
554,Cissiee,Dake,cdakefd@webeden.co.uk,Female,153.59.150.63
555,Silvie,Phalp,sphalpfe@japanpost.jp,Female,132.34.224.168
556,Cleveland,Couldwell,ccouldwellff@fotki.com,Male,255.227.56.217
557,Seward,Deehan,sdeehanfg@tripod.com,Male,149.230.11.207
558,Georgy,O'Hengerty,gohengertyfh@topsy.com,Male,243.124.65.10
559,Bryon,Torbet,btorbetfi@sciencedirect.com,Male,152.86.133.69
560,Mano,Drinkel,mdrinkelfj@shareasale.com,Male,181.40.10.55
561,Nell,Rosebotham,nrosebothamfk@livejournal.com,Female,182.133.44.95
562,Hunt,Heal,hhealfl@china.com.cn,Male,108.198.127.241
563,Lillian,Cullinan,lcullinanfm@zimbio.com,Female,3.83.111.128
564,Calypso,Lamlin,clamlinfn@topsy.com,Female,152.198.65.36
565,Perren,Widdop,pwiddopfo@instagram.com,Male,185.84.39.38
566,Rodolfo,Wackley,rwackleyfp@hibu.com,Male,67.249.96.239
567,Tracy,Tether,ttetherfq@naver.com,Female,84.198.194.159
568,Morly,Prevost,mprevostfr@mysql.com,Male,56.19.252.169
569,Barnaby,Bounde,bboundefs@stanford.edu,Male,194.62.138.180
570,Bevan,Denacamp,bdenacampft@nsw.gov.au,Male,197.181.228.64
571,Elyssa,Chatelain,echatelainfu@google.ca,Female,45.23.67.14
572,Mirabella,Power,mpowerfv@creativecommons.org,Female,80.131.31.90
573,Cooper,Gosnoll,cgosnollfw@istockphoto.com,Male,246.53.204.137
574,Stern,MacElroy,smacelroyfx@technorati.com,Male,148.95.109.3
575,Dallon,Pottery,dpotteryfy@moonfruit.com,Male,241.197.197.246
576,Tremaine,Kearley,tkearleyfz@networksolutions.com,Male,2.137.53.48
577,Roddy,Cockshut,rcockshutg0@smugmug.com,Male,68.214.165.78
578,Cammi,Mills,cmillsg1@auda.org.au,Female,188.227.254.190
579,Bradford,Rasher,brasherg2@accuweather.com,Male,80.238.77.171
580,Frederick,Bracchi,fbracchig3@businessinsider.com,Male,129.141.93.14
581,Pen,Scotts,pscottsg4@prlog.org,Male,130.97.146.191
582,Thurston,Fairfoul,tfairfoulg5@irs.gov,Male,91.145.7.4
583,Christa,Grandisson,cgrandissong6@netvibes.com,Female,13.102.124.144
584,Dag,Arderne,darderneg7@examiner.com,Male,138.93.123.71
585,Cordie,Feldklein,cfeldkleing8@uol.com.br,Female,156.6.145.152
586,Camilla,Prettjohn,cprettjohng9@gov.uk,Female,40.212.132.186
587,Rae,Cleiment,rcleimentga@whitehouse.gov,Female,71.111.227.218
588,Bran,Cauldwell,bcauldwellgb@360.cn,Male,248.13.0.169
589,Keary,Dranfield,kdranfieldgc@cnn.com,Male,172.254.63.148
590,Adi,MacAdam,amacadamgd@hexun.com,Female,27.238.170.136
591,Ancell,Piddle,apiddlege@walmart.com,Male,19.57.94.236
592,Raviv,Moxson,rmoxsongf@ehow.com,Male,166.132.198.58
593,Henriette,Connor,hconnorgg@marriott.com,Female,245.150.229.241
594,Henrieta,Abbado,habbadogh@economist.com,Female,47.214.160.254
595,Royall,Cookes,rcookesgi@google.it,Male,244.90.56.54
596,Margarethe,Argue,marguegj@cdc.gov,Female,50.135.165.155
597,Eliot,Doughtery,edoughterygk@who.int,Male,121.143.41.221
598,Bonny,Sherreard,bsherreardgl@bing.com,Female,232.60.147.223
599,Stephan,Baldacchi,sbaldacchigm@ucsd.edu,Male,31.104.174.210
600,Nettle,Lewis,nlewisgn@geocities.com,Female,233.226.174.69
601,Heywood,Dunphy,hdunphygo@t-online.de,Male,197.185.163.121
602,Barnebas,Patten,bpattengp@wufoo.com,Male,133.143.84.220
603,Phil,McKinney,pmckinneygq@google.it,Male,168.215.193.21
604,Rand,Moxom,rmoxomgr@sbwire.com,Male,129.159.206.79
605,Isadore,MacAndrew,imacandrewgs@biglobe.ne.jp,Male,68.74.215.233
606,Riordan,Gallyhaock,rgallyhaockgt@hubpages.com,Male,147.234.39.146
607,Kattie,Widdop,kwiddopgu@naver.com,Female,243.160.207.123
608,Carolyne,Ryal,cryalgv@fc2.com,Female,149.131.214.48
609,Karlan,Meagher,kmeaghergw@nytimes.com,Male,22.211.66.19
610,Borden,Neville,bnevillegx@shinystat.com,Male,13.93.185.61
611,Hedvige,Collcott,hcollcottgy@about.me,Female,114.229.87.233
612,Matilde,Matuskiewicz,mmatuskiewiczgz@go.com,Female,25.12.143.231
613,Vaughn,Tease,vteaseh0@flickr.com,Male,128.130.0.229
614,Tyne,Blackden,tblackdenh1@bandcamp.com,Female,107.17.172.44
615,Zena,Ramsell,zramsellh2@eventbrite.com,Female,139.187.48.139
616,Queenie,Adolphine,qadolphineh3@mapquest.com,Female,225.150.157.126
617,Sile,Ayris,sayrish4@google.ca,Female,214.227.170.88
618,Joella,Towne,jtowneh5@google.pl,Female,225.195.155.151
619,Kaleb,Crompton,kcromptonh6@xinhuanet.com,Male,43.55.156.79
620,Jaymie,Hamman,jhammanh7@tiny.cc,Male,77.188.103.155
621,Vachel,Rubenov,vrubenovh8@loc.gov,Male,152.56.23.41
622,Pierrette,O'Kynsillaghe,pokynsillagheh9@blogspot.com,Female,58.32.47.22
623,Charyl,Barten,cbartenha@hp.com,Female,212.203.115.145
624,Muffin,Pantone,mpantonehb@ca.gov,Male,154.55.141.104
625,Alfred,Hanse,ahansehc@zdnet.com,Male,32.27.36.53
626,Keenan,Venes,kveneshd@chron.com,Male,249.231.68.236
627,Chiquita,Morrissey,cmorrisseyhe@bigcartel.com,Female,2.89.26.175
628,Britta,Jesper,bjesperhf@soundcloud.com,Female,123.36.216.225
629,Barri,Simondson,bsimondsonhg@go.com,Male,129.122.81.69
630,Lawry,Chrismas,lchrismashh@washington.edu,Male,118.96.75.249
631,Lauritz,Illesley,lillesleyhi@kickstarter.com,Male,222.52.193.39
632,Kellia,Adlam,kadlamhj@businesswire.com,Female,63.120.7.150
633,Milty,Bertome,mbertomehk@narod.ru,Male,169.204.20.199
634,Arty,Di Bartolommeo,adibartolommeohl@rakuten.co.jp,Male,112.155.187.255
635,Deane,Veall,dveallhm@pcworld.com,Male,220.242.125.100
636,Dilly,Aldrin,daldrinhn@blogger.com,Male,79.241.35.130
637,Bendick,Van Ross,bvanrossho@vk.com,Male,77.175.62.219
638,Andee,Kirckman,akirckmanhp@soup.io,Female,94.250.6.31
639,Dugald,Whittle,dwhittlehq@networkadvertising.org,Male,114.12.236.24
640,Roda,Braham,rbrahamhr@flickr.com,Female,119.87.31.180
641,Wendel,Websdale,wwebsdalehs@google.ca,Male,187.57.85.45
642,Beatriz,Triplet,btripletht@latimes.com,Female,230.121.93.124
643,Sly,Honack,shonackhu@toplist.cz,Male,58.101.7.197
644,Elana,Stainton - Skinn,estaintonskinnhv@123-reg.co.uk,Female,219.240.215.131
645,Kanya,Poncet,kponcethw@bloglovin.com,Female,219.232.206.226
646,Gris,Ranns,grannshx@biblegateway.com,Male,186.76.181.165
647,Bobbie,Barbour,bbarbourhy@hubpages.com,Female,2.108.50.80
648,Lidia,Branney,lbranneyhz@dailymail.co.uk,Female,84.82.131.118
649,Krystle,Kieff,kkieffi0@yale.edu,Female,61.125.179.169
650,Kai,Bexon,kbexoni1@weather.com,Female,203.183.68.127
651,Milka,Mailey,mmaileyi2@ehow.com,Female,76.147.160.221
652,Cob,Gilbey,cgilbeyi3@wix.com,Male,48.148.69.155
653,Glenine,Cotta,gcottai4@webnode.com,Female,33.129.112.12
654,Erwin,Letterick,elettericki5@cyberchimps.com,Male,144.116.150.159
655,Alisun,Smeal,asmeali6@stumbleupon.com,Female,160.51.9.229
656,Murielle,Gannan,mgannani7@cisco.com,Female,81.75.37.122
657,Thadeus,Damarell,tdamarelli8@sogou.com,Male,217.15.225.185
658,Dorian,Flanagan,dflanagani9@e-recht24.de,Female,179.171.4.49
659,Merell,Chuney,mchuneyia@scientificamerican.com,Male,229.234.74.199
660,Lorinda,Yakebovich,lyakebovichib@theglobeandmail.com,Female,162.4.82.105
661,Mervin,Cotte,mcotteic@mac.com,Male,75.190.232.254
662,Burl,Stanley,bstanleyid@nydailynews.com,Male,79.43.166.210
663,Waldon,Lewry,wlewryie@wordpress.com,Male,249.221.64.41
664,Stewart,Isherwood,sisherwoodif@desdev.cn,Male,189.190.124.137
665,Bart,Wheelwright,bwheelwrightig@disqus.com,Male,193.47.47.119
666,Marcelle,Pigne,mpigneih@shareasale.com,Female,13.19.183.165
667,Glenden,Hawking,ghawkingii@bloglovin.com,Male,143.161.123.35
668,Arvy,Embery,aemberyij@wiley.com,Male,72.185.61.198
669,Helen,Kliement,hkliementik@macromedia.com,Female,184.57.26.231
670,Derrick,Luther,dlutheril@si.edu,Male,93.186.92.92
671,Correy,D'Elias,cdeliasim@istockphoto.com,Male,211.113.61.144
672,Marietta,Teare,mtearein@sitemeter.com,Male,103.241.68.219
673,Jodie,Porcas,jporcasio@answers.com,Male,98.56.248.110
674,Maighdiln,Paladini,mpaladiniip@ox.ac.uk,Female,65.112.167.225
675,Kerk,Shankland,kshanklandiq@typepad.com,Male,45.210.66.149
676,Hernando,Pennigar,hpennigarir@ifeng.com,Male,183.206.203.76
677,Portie,Jaquet,pjaquetis@desdev.cn,Male,47.105.251.85
678,Wilton,Waddoups,wwaddoupsit@nationalgeographic.com,Male,178.91.208.43
679,Rafaela,Burfoot,rburfootiu@prweb.com,Female,77.71.217.197
680,Flossi,Chapling,fchaplingiv@prweb.com,Female,78.16.35.212
681,Luis,Ubanks,lubanksiw@is.gd,Male,83.50.28.24
682,Jimmy,Enrique,jenriqueix@yale.edu,Male,163.73.109.43
683,Ali,Rowly,arowlyiy@yolasite.com,Male,193.255.121.3
684,Ilka,Exon,iexoniz@taobao.com,Female,76.33.109.64
685,Brooke,Pilgrim,bpilgrimj0@4shared.com,Male,94.200.5.95
686,Jewelle,Pruckner,jprucknerj1@lulu.com,Female,50.98.135.66
687,Nil,Lucas,nlucasj2@cdc.gov,Male,147.127.64.96
688,Baron,Barritt,bbarrittj3@smugmug.com,Male,144.20.147.199
689,Edward,Tabour,etabourj4@amazon.com,Male,241.117.20.238
690,Catlin,Amery,cameryj5@bluehost.com,Female,104.242.217.155
691,Viole,Hebburn,vhebburnj6@cmu.edu,Female,181.149.239.23
692,Irvin,Pilgram,ipilgramj7@umich.edu,Male,254.200.226.124
693,Cynthia,Turpin,cturpinj8@vkontakte.ru,Female,6.221.36.151
694,Stefan,Camp,scampj9@discovery.com,Male,40.28.16.221
695,Torrence,Emsden,temsdenja@bloglines.com,Male,61.159.187.16
696,Elli,Doull,edoulljb@nps.gov,Female,142.36.219.32
697,Willey,Tovey,wtoveyjc@de.vu,Male,74.235.20.61
698,Brandice,Bernardy,bbernardyjd@creativecommons.org,Female,188.8.121.250
699,Talia,Longworthy,tlongworthyje@walmart.com,Female,150.223.15.105
700,Gilberte,Petruska,gpetruskajf@abc.net.au,Female,192.154.140.60
701,Lari,Benwell,lbenwelljg@ox.ac.uk,Female,223.228.67.188
702,Morena,Kilban,mkilbanjh@unesco.org,Female,133.30.104.5
703,Ransom,Pistol,rpistolji@gmpg.org,Male,140.212.89.114
704,Myra,Rehorek,mrehorekjj@prnewswire.com,Female,18.19.244.237
705,Annabal,Graber,agraberjk@phpbb.com,Female,169.125.207.79
706,Lizette,Piwell,lpiwelljl@ask.com,Female,84.157.203.141
707,Isadora,Stanbro,istanbrojm@google.nl,Female,109.236.39.19
708,Lavena,Maro,lmarojn@pcworld.com,Female,138.64.230.9
709,Ethelred,Stang-Gjertsen,estanggjertsenjo@bizjournals.com,Male,120.144.203.94
710,Frasco,Riha,frihajp@godaddy.com,Male,189.240.61.251
711,Kenna,Ridel,krideljq@twitpic.com,Female,197.224.240.164
712,Alfy,Mathiasen,amathiasenjr@deliciousdays.com,Male,72.155.186.213
713,Danell,Coie,dcoiejs@addthis.com,Female,249.240.209.164
714,Jedd,Mullineux,jmullineuxjt@bravesites.com,Male,149.35.61.52
715,Timmie,Dine-Hart,tdinehartju@msn.com,Male,184.37.32.146
716,Shea,Klassmann,sklassmannjv@icq.com,Male,10.249.162.180
717,Rustie,Colbrun,rcolbrunjw@elegantthemes.com,Male,254.198.157.167
718,Flem,Sexstone,fsexstonejx@imdb.com,Male,245.137.140.29
719,Kylynn,Calveley,kcalveleyjy@usatoday.com,Female,100.182.201.233
720,Delphine,Bamforth,dbamforthjz@msu.edu,Female,9.209.152.81
721,Ruthanne,Tissier,rtissierk0@slate.com,Female,57.73.54.13
722,Ruthann,Kase,rkasek1@addthis.com,Female,152.89.64.113
723,Elbertine,Egginson,eegginsonk2@privacy.gov.au,Female,216.158.160.241
724,Chuck,Shelf,cshelfk3@woothemes.com,Male,134.13.12.133
725,Brendon,Rao,braok4@netscape.com,Male,166.231.39.178
726,Guendolen,Gulleford,ggullefordk5@comsenz.com,Female,175.123.35.134
727,Meggie,Reuther,mreutherk6@ebay.co.uk,Female,144.147.248.126
728,Ethelind,Januszewski,ejanuszewskik7@ebay.co.uk,Female,93.135.149.222
729,Nannette,Andrei,nandreik8@mlb.com,Female,38.120.108.110
730,Olenolin,Giddy,ogiddyk9@hatena.ne.jp,Male,186.188.21.31
731,Asia,Fitchew,afitchewka@youtu.be,Female,216.92.140.209
732,Kizzie,Burl,kburlkb@ehow.com,Female,201.111.225.167
733,Baudoin,O'Sherin,bosherinkc@psu.edu,Male,212.98.248.192
734,Ned,Worge,nworgekd@godaddy.com,Male,226.45.179.54
735,Raff,Negro,rnegroke@ebay.com,Male,51.199.172.242
736,Madelene,Bayles,mbayleskf@hc360.com,Female,143.77.156.62
737,Nichole,Vane,nvanekg@nhs.uk,Male,35.100.203.223
738,Derrek,Dunkirk,ddunkirkkh@ox.ac.uk,Male,213.19.166.183
739,Aksel,Trunks,atrunkski@youtu.be,Male,5.178.221.227
740,Catie,Charlet,ccharletkj@newsvine.com,Female,96.153.52.212
741,Susannah,Pettman,spettmankk@taobao.com,Female,49.240.250.57
742,Gerrie,Brammar,gbrammarkl@google.co.uk,Male,105.218.175.31
743,Eb,Honeyghan,ehoneyghankm@fema.gov,Male,50.203.123.37
744,Catherina,Looker,clookerkn@instagram.com,Female,237.208.218.112
745,Zonnya,Ortzen,zortzenko@umich.edu,Female,238.29.207.178
746,Gallard,Ashleigh,gashleighkp@imageshack.us,Male,90.244.120.57
747,Cassaundra,Preuvost,cpreuvostkq@pbs.org,Female,143.53.143.147
748,Jacki,Gareisr,jgareisrkr@mtv.com,Female,141.3.126.196
749,Thea,Alleburton,talleburtonks@pcworld.com,Female,91.28.230.71
750,Carlynne,Sebley,csebleykt@usgs.gov,Female,57.45.195.29
751,Reynold,Trenchard,rtrenchardku@google.ca,Male,51.136.76.160
752,Opaline,Mougeot,omougeotkv@symantec.com,Female,245.253.143.107
753,Morris,Blackwell,mblackwellkw@accuweather.com,Male,8.90.221.153
754,Pearla,Hearnaman,phearnamankx@cocolog-nifty.com,Female,208.199.185.241
755,Cordi,Gammack,cgammackky@bluehost.com,Female,159.3.17.145
756,Frankie,Dobbins,fdobbinskz@foxnews.com,Male,25.223.124.179
757,Aguie,Bittlestone,abittlestonel0@mapy.cz,Male,252.207.185.145
758,Arch,Archell,aarchelll1@springer.com,Male,2.1.197.155
759,Rolfe,Mullard,rmullardl2@domainmarket.com,Male,60.251.8.46
760,Lars,Poff,lpoffl3@blogspot.com,Male,163.110.18.53
761,Kattie,Mazillius,kmazilliusl4@ocn.ne.jp,Female,145.203.78.171
762,Ly,Ferrarone,lferraronel5@adobe.com,Male,220.7.103.98
763,Miguel,Bendson,mbendsonl6@yale.edu,Male,171.38.65.198
764,Winni,Ellingworth,wellingworthl7@instagram.com,Female,188.2.79.11
765,Saraann,Stummeyer,sstummeyerl8@alibaba.com,Female,225.141.79.169
766,Carney,McKimmey,cmckimmeyl9@ucoz.com,Male,190.206.181.57
767,Solly,Portwain,sportwainla@google.co.uk,Male,86.102.185.139
768,Katharine,Trye,ktryelb@ebay.co.uk,Female,172.250.251.9
769,Calli,Ausiello,causiellolc@mit.edu,Female,60.30.93.72
770,Delmore,Normabell,dnormabellld@i2i.jp,Male,1.211.40.199
771,Janessa,Dutt,jduttle@cbslocal.com,Female,202.249.168.255
772,Goldia,Goodhew,ggoodhewlf@biglobe.ne.jp,Female,68.203.151.231
773,Basilio,Marr,bmarrlg@etsy.com,Male,81.228.135.249
774,Alfie,Dahl,adahllh@i2i.jp,Male,2.11.78.177
775,Egon,Lorrie,elorrieli@gmpg.org,Male,166.93.151.148
776,Lorne,Longbothom,llongbothomlj@fema.gov,Male,54.163.198.13
777,Jacklyn,Percifer,jperciferlk@deviantart.com,Female,104.96.239.245
778,Mady,Greeves,mgreevesll@naver.com,Female,64.170.5.26
779,Clarie,Izatson,cizatsonlm@apache.org,Female,17.238.173.147
780,Harli,Lazare,hlazareln@webeden.co.uk,Female,210.70.128.104
781,Remus,Swinnard,rswinnardlo@opera.com,Male,23.104.155.152
782,Lancelot,Jeskins,ljeskinslp@mayoclinic.com,Male,52.189.120.243
783,King,Petrovsky,kpetrovskylq@oakley.com,Male,210.175.71.161
784,Bald,Hardingham,bhardinghamlr@sitemeter.com,Male,243.175.46.223
785,Ardra,Brinklow,abrinklowls@wikipedia.org,Female,52.3.61.246
786,Gabriel,Latus,glatuslt@mysql.com,Male,57.113.127.22
787,Marta,Knibbs,mknibbslu@simplemachines.org,Female,15.12.158.220
788,Irita,Lain,ilainlv@netlog.com,Female,236.233.128.102
789,Jacynth,Wyborn,jwybornlw@nyu.edu,Female,223.150.157.40
790,Shara,Rammell,srammelllx@creativecommons.org,Female,52.135.142.151
791,Lucina,Weathers,lweathersly@shutterfly.com,Female,118.142.254.171
792,Saunderson,Eagell,seagelllz@ovh.net,Male,115.92.34.54
793,Rolfe,Ruck,rruckm0@paginegialle.it,Male,161.211.102.241
794,Dane,Aronow,daronowm1@marriott.com,Male,183.90.99.6
795,Orson,Chittey,ochitteym2@imageshack.us,Male,75.83.238.131
796,Kristos,Dimmack,kdimmackm3@godaddy.com,Male,176.12.72.178
797,Corty,Hacard,chacardm4@columbia.edu,Male,128.17.110.187
798,Pennie,Soldner,psoldnerm5@icio.us,Female,243.19.86.47
799,Niki,Pound,npoundm6@amazon.co.jp,Female,58.205.61.57
800,Wileen,MacSkeagan,wmacskeaganm7@bbb.org,Female,252.151.27.33
801,Chico,Mithun,cmithunm8@pbs.org,Male,126.56.34.148
802,Woodie,Meuse,wmeusem9@ox.ac.uk,Male,104.176.177.247
803,Marinna,Picford,mpicfordma@wisc.edu,Female,223.106.159.21
804,Isa,Kerrod,ikerrodmb@weebly.com,Male,37.222.10.213
805,Bartlet,Neames,bneamesmc@mit.edu,Male,20.49.166.226
806,Gilbertina,Okie,gokiemd@jugem.jp,Female,208.165.77.118
807,Sutherlan,Fauning,sfauningme@skyrock.com,Male,156.60.46.104
808,Gabriela,Seabridge,gseabridgemf@china.com.cn,Female,148.149.230.22
809,Kippie,Gallehock,kgallehockmg@lulu.com,Male,67.109.106.105
810,Cyndy,Gimbart,cgimbartmh@amazon.co.jp,Female,171.197.174.115
811,Piotr,Lemmen,plemmenmi@yale.edu,Male,153.159.14.131
812,Giles,Camus,gcamusmj@businessinsider.com,Male,101.3.99.107
813,Octavia,Cubuzzi,ocubuzzimk@simplemachines.org,Female,216.188.222.219
814,Giffard,O'Fallowne,gofallowneml@spiegel.de,Male,159.198.141.111
815,Maria,Roseby,mrosebymm@netscape.com,Female,247.154.101.81
816,Jerrie,Byers,jbyersmn@guardian.co.uk,Female,90.103.83.188
817,Desmund,Woolbrook,dwoolbrookmo@csmonitor.com,Male,231.211.53.186
818,Neilla,Maslin,nmaslinmp@reference.com,Female,96.59.11.138
819,Saree,Ivantyev,sivantyevmq@home.pl,Female,218.67.54.40
820,Rakel,Vasilchenko,rvasilchenkomr@webeden.co.uk,Female,255.181.65.130
821,Corliss,Bale,cbalems@skyrock.com,Female,184.46.54.29
822,Jule,Rosewall,jrosewallmt@cbsnews.com,Male,231.202.212.248
823,Daveta,Brooksbie,dbrooksbiemu@blogs.com,Female,40.46.61.118
824,Freeland,Betjes,fbetjesmv@ucla.edu,Male,244.24.11.196
825,Hephzibah,Eye,heyemw@list-manage.com,Female,228.33.156.134
826,Adella,Steet,asteetmx@squarespace.com,Female,111.161.227.253
827,Norbie,Stretton,nstrettonmy@canalblog.com,Male,226.5.108.182
828,Lizzie,Moyne,lmoynemz@themeforest.net,Female,218.152.122.148
829,Rooney,Sides,rsidesn0@dedecms.com,Male,152.129.88.145
830,Harmonia,Lofts,hloftsn1@livejournal.com,Female,168.208.107.219
831,Ardene,Gealle,ageallen2@arizona.edu,Female,59.205.94.142
832,Winston,Odgaard,wodgaardn3@blogspot.com,Male,158.106.50.64
833,Ardath,Shreeve,ashreeven4@smugmug.com,Female,207.6.249.227
834,Hanny,Digby,hdigbyn5@squidoo.com,Female,224.43.173.98
835,Morse,Janiszewski,mjaniszewskin6@blogspot.com,Male,185.204.164.191
836,Tessy,Hughf,thughfn7@nifty.com,Female,120.174.164.139
837,Wilt,Butten,wbuttenn8@acquirethisname.com,Male,226.109.157.107
838,Donaugh,Ferrieri,dferrierin9@opera.com,Male,22.227.184.87
839,Trever,Yielding,tyieldingna@jiathis.com,Male,160.71.145.75
840,Krystyna,Dyet,kdyetnb@theguardian.com,Female,225.241.235.61
841,Haven,Reubel,hreubelnc@github.com,Male,229.106.68.201
842,Manya,Martinello,mmartinellond@g.co,Female,98.196.199.31
843,Nert,Rawles,nrawlesne@blogtalkradio.com,Female,10.61.26.95
844,Granger,Bargery,gbargerynf@miibeian.gov.cn,Male,153.52.12.5
845,Lanita,Liccardo,lliccardong@intel.com,Female,181.179.5.212
846,Currey,Sculpher,csculphernh@microsoft.com,Male,76.82.18.189
847,Carolina,Storrie,cstorrieni@google.pl,Female,202.136.140.53
848,Dorian,Cobbold,dcobboldnj@nih.gov,Male,68.32.77.49
849,Janice,Vanes,jvanesnk@fema.gov,Female,45.237.108.61
850,Nikolas,Labusquiere,nlabusquierenl@nytimes.com,Male,6.161.223.239
851,Hillard,Spry,hsprynm@kickstarter.com,Male,55.185.239.180
852,Shayla,Point,spointnn@woothemes.com,Female,32.180.141.16
853,Bruis,Eckart,beckartno@google.ca,Male,234.101.255.145
854,Dotty,Muckleston,dmucklestonnp@un.org,Female,71.203.116.42
855,Johnny,Owthwaite,jowthwaitenq@cyberchimps.com,Male,116.197.231.203
856,Barret,Leguey,blegueynr@networkadvertising.org,Male,145.190.155.169
857,Brew,Nuccitelli,bnuccitellins@digg.com,Male,235.7.215.84
858,Seward,Drennan,sdrennannt@cafepress.com,Male,135.35.147.186
859,Amitie,Arnefield,aarnefieldnu@seesaa.net,Female,99.221.155.45
860,Adam,Squibbs,asquibbsnv@loc.gov,Male,5.200.106.79
861,Fax,Judd,fjuddnw@jiathis.com,Male,11.15.247.123
862,Chucho,Symondson,csymondsonnx@trellian.com,Male,225.91.219.126
863,Lyell,Benedict,lbenedictny@reddit.com,Male,176.136.239.239
864,Clarette,Gready,cgreadynz@squarespace.com,Female,25.172.136.200
865,Gerrard,Georgiades,ggeorgiadeso0@nhs.uk,Male,79.83.16.62
866,Obed,Macauley,omacauleyo1@gov.uk,Male,109.205.64.153
867,Heriberto,Prettyman,hprettymano2@unicef.org,Male,161.185.215.191
868,Caleb,Jorat,cjorato3@oakley.com,Male,103.193.147.69
869,Betty,Avrahamy,bavrahamyo4@zimbio.com,Female,177.233.48.174
870,Donica,German,dgermano5@list-manage.com,Female,202.209.30.59
871,Tina,Grigorey,tgrigoreyo6@google.com.hk,Female,192.136.13.134
872,Goraud,Burle,gburleo7@oracle.com,Male,179.97.41.203
873,Marthe,Speck,mspecko8@uol.com.br,Female,95.202.25.142
874,Jae,Benthall,jbenthallo9@wordpress.com,Male,15.229.229.14
875,Bronnie,Harrismith,bharrismithoa@baidu.com,Male,18.252.117.164
876,Jodi,Brandle,jbrandleob@businesswire.com,Male,173.198.41.29
877,Stanfield,Ferby,sferbyoc@nature.com,Male,101.12.171.170
878,Neel,Giorgiutti,ngiorgiuttiod@wiley.com,Male,54.110.97.227
879,Paulo,Salan,psalanoe@umich.edu,Male,61.171.198.4
880,Vincenty,Gyurko,vgyurkoof@booking.com,Male,226.127.206.27
881,Caron,Higford,chigfordog@ox.ac.uk,Female,221.103.246.101
882,Stavros,Dei,sdeioh@stumbleupon.com,Male,201.146.6.250
883,Audy,Bendell,abendelloi@google.com.hk,Female,157.232.96.186
884,Heidie,Chippindale,hchippindaleoj@ucsd.edu,Female,69.60.224.113
885,Estel,Faley,efaleyok@barnesandnoble.com,Female,228.76.71.78
886,Jade,Youle,jyouleol@issuu.com,Female,79.146.95.55
887,Ede,Lambertazzi,elambertazziom@weibo.com,Female,172.189.131.38
888,Florie,Buxton,fbuxtonon@amazon.co.jp,Female,246.250.171.80
889,Hamlen,Debold,hdeboldoo@narod.ru,Male,42.93.25.49
890,Maximilianus,Rattery,mratteryop@quantcast.com,Male,26.94.233.123
891,Zaccaria,Harradence,zharradenceoq@last.fm,Male,19.116.123.139
892,Minna,Crush,mcrushor@godaddy.com,Female,119.132.47.68
893,Erena,Johannes,ejohannesos@instagram.com,Female,207.141.4.9
894,Shurwood,Staneland,sstanelandot@cnbc.com,Male,137.232.149.180
895,Mickie,Headington,mheadingtonou@wikia.com,Female,225.16.78.8
896,Kennedy,Beringer,kberingerov@columbia.edu,Male,100.101.190.43
897,Alasteir,Webber,awebberow@cmu.edu,Male,83.90.225.142
898,Antonia,Leither,aleitherox@barnesandnoble.com,Female,187.243.56.27
899,Jaymie,Payfoot,jpayfootoy@google.com.au,Male,69.51.126.123
900,Bendix,Taffrey,btaffreyoz@hexun.com,Male,100.125.96.67
901,Berke,Nixon,bnixonp0@exblog.jp,Male,64.51.234.39
902,Kalinda,Frogley,kfrogleyp1@google.ca,Female,33.137.178.189
903,Aksel,Ownsworth,aownsworthp2@biblegateway.com,Male,166.189.243.201
904,Ilyssa,Stitfall,istitfallp3@addthis.com,Female,117.63.39.148
905,Rowena,Schubbert,rschubbertp4@prweb.com,Female,180.124.205.18
906,Hurley,Rowbrey,hrowbreyp5@ihg.com,Male,50.104.144.15
907,Sigfried,Cottrell,scottrellp6@webmd.com,Male,35.210.41.217
908,Brooks,D'Agostino,bdagostinop7@wordpress.org,Female,49.72.183.116
909,Creigh,Bowlas,cbowlasp8@sciencedaily.com,Male,163.233.30.71
910,Sonnnie,Wand,swandp9@wired.com,Female,222.236.14.170
911,Parrnell,Gilstin,pgilstinpa@oakley.com,Male,211.237.53.90
912,Leone,Shortall,lshortallpb@typepad.com,Female,111.138.71.156
913,Ase,Pole,apolepc@infoseek.co.jp,Male,97.103.119.211
914,Quincy,Ravenhills,qravenhillspd@arstechnica.com,Male,120.56.179.133
915,Whittaker,Fri,wfripe@foxnews.com,Male,90.217.125.139
916,Maurie,Eisenberg,meisenbergpf@360.cn,Male,120.182.15.255
917,Maxy,Banes,mbanespg@wisc.edu,Female,186.208.146.200
918,Andy,Grouen,agrouenph@nifty.com,Female,203.0.168.84
919,Tynan,Ashborn,tashbornpi@ovh.net,Male,252.58.174.118
920,Isaiah,Ericsson,iericssonpj@gizmodo.com,Male,248.193.123.197
921,Ingelbert,Dauby,idaubypk@photobucket.com,Male,233.214.132.214
922,Elle,Ruppelin,eruppelinpl@wp.com,Female,197.251.83.1
923,Ulrick,Saggers,usaggerspm@pcworld.com,Male,104.194.16.174
924,Noble,Ricardon,nricardonpn@webeden.co.uk,Male,113.9.213.90
925,Pru,O' Loughran,poloughranpo@china.com.cn,Female,195.229.133.140
926,Angeline,Test,atestpp@about.me,Female,250.107.250.210
927,Maire,Jeanin,mjeaninpq@apple.com,Female,126.156.137.146
928,Dom,Roebottom,droebottompr@prlog.org,Male,249.118.66.166
929,Tim,Upson,tupsonps@columbia.edu,Male,143.110.84.116
930,Bree,Shutt,bshuttpt@addthis.com,Female,246.113.81.55
931,Jo,Cajkler,jcajklerpu@canalblog.com,Male,88.169.62.79
932,Chloe,Cayton,ccaytonpv@over-blog.com,Female,22.146.4.75
933,Elmore,Barnardo,ebarnardopw@de.vu,Male,135.245.37.132
934,Thorsten,Schaumaker,tschaumakerpx@barnesandnoble.com,Male,68.41.33.99
935,Ewen,Pumphrey,epumphreypy@dedecms.com,Male,187.242.132.72
936,Cara,Standeven,cstandevenpz@google.com.hk,Female,181.91.67.179
937,Archaimbaud,Jorden,ajordenq0@sitemeter.com,Male,126.28.116.234
938,Wilek,Cannon,wcannonq1@hc360.com,Male,124.55.59.171
939,Zed,Zimmermeister,zzimmermeisterq2@privacy.gov.au,Male,112.207.26.224
940,Mehetabel,Pantridge,mpantridgeq3@go.com,Female,143.40.152.183
941,Stacy,Adamsson,sadamssonq4@cdbaby.com,Male,237.241.119.137
942,Rossy,Milstead,rmilsteadq5@miibeian.gov.cn,Male,192.108.121.66
943,Issiah,Bhatia,ibhatiaq6@rakuten.co.jp,Male,109.172.61.237
944,Velvet,Fennick,vfennickq7@usgs.gov,Female,167.144.95.5
945,Lucie,Signorelli,lsignorelliq8@addtoany.com,Female,22.177.144.241
946,Seka,Bedson,sbedsonq9@biglobe.ne.jp,Female,25.57.14.108
947,Mahala,Turrill,mturrillqa@goo.gl,Female,71.35.62.136
948,Cory,Callingham,ccallinghamqb@nature.com,Female,44.233.217.150
949,Shani,Dipple,sdippleqc@va.gov,Female,210.210.199.58
950,Tisha,Meneur,tmeneurqd@whitehouse.gov,Female,46.83.27.209
951,Evan,Waterhowse,ewaterhowseqe@who.int,Male,241.19.127.80
952,Brenn,Reams,breamsqf@tinypic.com,Female,201.202.161.148
953,Vivyanne,Mucci,vmucciqg@cafepress.com,Female,74.84.62.70
954,Karlis,Dugdale,kdugdaleqh@blinklist.com,Male,61.166.120.164
955,Reggie,Dello,rdelloqi@answers.com,Female,37.189.217.51
956,Horace,Brosel,hbroselqj@naver.com,Male,74.206.172.147
957,Bette-ann,Gove,bgoveqk@friendfeed.com,Female,85.246.46.246
958,Paulette,Dabel,pdabelql@sciencedaily.com,Female,170.175.138.148
959,Avigdor,Rain,arainqm@illinois.edu,Male,221.225.133.142
960,Silas,Morpeth,smorpethqn@fastcompany.com,Male,210.99.178.152
961,Kimberlyn,Amberson,kambersonqo@ft.com,Female,199.137.29.190
962,Derward,Kencott,dkencottqp@topsy.com,Male,68.190.153.152
963,Inness,Dumbare,idumbareqq@vinaora.com,Male,4.67.211.85
964,Angelo,Mendes,amendesqr@paypal.com,Male,18.219.36.85
965,Sianna,Haizelden,shaizeldenqs@amazon.de,Female,123.225.77.116
966,Red,Berrington,rberringtonqt@prweb.com,Male,81.28.155.71
967,Emelyne,Algie,ealgiequ@patch.com,Female,157.18.221.124
968,Emlyn,Wint,ewintqv@ftc.gov,Male,228.112.132.46
969,Westbrooke,Errichelli,werrichelliqw@senate.gov,Male,169.87.201.73
970,Phil,Morter,pmorterqx@wisc.edu,Female,114.16.253.70
971,Bethanne,Cranna,bcrannaqy@youtu.be,Female,110.167.185.55
972,Eudora,Thorneloe,ethorneloeqz@squidoo.com,Female,87.43.227.87
973,Charlot,Hodinton,chodintonr0@google.com.br,Female,34.130.115.12
974,Olly,McCloughlin,omccloughlinr1@vistaprint.com,Male,25.183.236.196
975,Susette,Easterby,seasterbyr2@e-recht24.de,Female,201.48.251.2
976,Elwin,Checklin,echecklinr3@nationalgeographic.com,Male,197.206.174.221
977,Aldo,Paddington,apaddingtonr4@tripod.com,Male,146.233.198.23
978,Sydney,Berfoot,sberfootr5@privacy.gov.au,Female,33.174.49.167
979,Ervin,Stienton,estientonr6@rediff.com,Male,152.81.242.240
980,Dinny,Funnell,dfunnellr7@earthlink.net,Female,237.94.131.67
981,Dionis,Benwell,dbenwellr8@reuters.com,Female,136.107.188.53
982,Biddie,Buddle,bbuddler9@purevolume.com,Female,91.73.194.50
983,Fulvia,Hallex,fhallexra@vk.com,Female,34.189.150.63
984,Calida,Sloper,csloperrb@independent.co.uk,Female,213.91.151.150
985,Pancho,Matuschek,pmatuschekrc@skyrock.com,Male,213.171.18.20
986,Andros,Dominguez,adominguezrd@vinaora.com,Male,92.75.64.132
987,Forest,Gillyatt,fgillyattre@barnesandnoble.com,Male,92.115.196.186
988,Rad,Lindenboim,rlindenboimrf@zimbio.com,Male,24.234.234.66
989,Herve,Cogle,hcoglerg@china.com.cn,Male,46.183.127.70
990,Salomon,Sevior,sseviorrh@163.com,Male,34.159.50.132
991,Dona,Tunney,dtunneyri@123-reg.co.uk,Female,55.127.51.120
992,Zandra,Peabody,zpeabodyrj@msu.edu,Female,102.173.224.177
993,Ezechiel,Pumfrett,epumfrettrk@cnet.com,Male,49.204.224.71
994,Cristie,Aimeric,caimericrl@weibo.com,Female,26.218.19.151
995,Timi,Meiningen,tmeiningenrm@illinois.edu,Female,85.98.168.157
996,Gene,Skep,gskeprn@cbc.ca,Male,83.42.115.75
997,Miquela,Edling,medlingro@google.ca,Female,230.115.208.58
998,La verne,Greed,lgreedrp@tiny.cc,Female,205.213.116.207
999,Saxon,Yannoni,syannonirq@cnn.com,Male,47.93.148.224
1000,Leesa,Samett,lsamettrr@unicef.org,Female,54.254.102.42
3,Hello Corri,Hello Campling,Hello Female,Hello Sweden
3,Hello Corri,Hello Campling,Hello Female,Hello Sweden
4,Hello World Salvatore,Hello World Gaitskill,Hello World Male,Hello World Indonesia
